-- Insert Counties
INSERT INTO county (state_code, county_code, county_name, swkroa_county_ind, create_id, create_dt_tm, updt_id, updt_dt_tm) VALUES ('KS', 'FI', 'Finney', 1, 1, CURRENT_TIMESTAMP, 1, CURRENT_TIMESTAMP);
INSERT INTO county (state_code, county_code, county_name, swkroa_county_ind, create_id, create_dt_tm, updt_id, updt_dt_tm) VALUES ('KS', 'GT', 'Grant', 1, 1, CURRENT_TIMESTAMP, 1, CURRENT_TIMESTAMP);
INSERT INTO county (state_code, county_code, county_name, swkroa_county_ind, create_id, create_dt_tm, updt_id, updt_dt_tm) VALUES ('KS', 'GL', 'Greeley', 1, 1, CURRENT_TIMESTAMP, 1, CURRENT_TIMESTAMP);
INSERT INTO county (state_code, county_code, county_name, swkroa_county_ind, create_id, create_dt_tm, updt_id, updt_dt_tm) VALUES ('KS', 'HM', 'Hamilton', 1, 1, CURRENT_TIMESTAMP, 1, CURRENT_TIMESTAMP);
INSERT INTO county (state_code, county_code, county_name, swkroa_county_ind, create_id, create_dt_tm, updt_id, updt_dt_tm) VALUES ('KS', 'HS', 'Haskell', 1, 1, CURRENT_TIMESTAMP, 1, CURRENT_TIMESTAMP);
INSERT INTO county (state_code, county_code, county_name, swkroa_county_ind, create_id, create_dt_tm, updt_id, updt_dt_tm) VALUES ('KS', 'KE', 'Kearny', 1, 1, CURRENT_TIMESTAMP, 1, CURRENT_TIMESTAMP);
INSERT INTO county (state_code, county_code, county_name, swkroa_county_ind, create_id, create_dt_tm, updt_id, updt_dt_tm) VALUES ('KS', 'MT', 'Morton', 1, 1, CURRENT_TIMESTAMP, 1, CURRENT_TIMESTAMP);
INSERT INTO county (state_code, county_code, county_name, swkroa_county_ind, create_id, create_dt_tm, updt_id, updt_dt_tm) VALUES ('KS', 'PR', 'Pratt', 1, 1, CURRENT_TIMESTAMP, 1, CURRENT_TIMESTAMP);
INSERT INTO county (state_code, county_code, county_name, swkroa_county_ind, create_id, create_dt_tm, updt_id, updt_dt_tm) VALUES ('KS', 'SW', 'Seward', 1, 1, CURRENT_TIMESTAMP, 1, CURRENT_TIMESTAMP);
INSERT INTO county (state_code, county_code, county_name, swkroa_county_ind, create_id, create_dt_tm, updt_id, updt_dt_tm) VALUES ('KS', 'ST', 'Stanton', 1, 1, CURRENT_TIMESTAMP, 1, CURRENT_TIMESTAMP);
INSERT INTO county (state_code, county_code, county_name, swkroa_county_ind, create_id, create_dt_tm, updt_id, updt_dt_tm) VALUES ('KS', 'SV', 'Stevens', 1, 1, CURRENT_TIMESTAMP, 1, CURRENT_TIMESTAMP);
INSERT INTO county (state_code, county_code, county_name, create_id, create_dt_tm, updt_id, updt_dt_tm) VALUES ('KS', 'AL', 'Allen', 1, CURRENT_TIMESTAMP, 1, CURRENT_TIMESTAMP);
INSERT INTO county (state_code, county_code, county_name, create_id, create_dt_tm, updt_id, updt_dt_tm) VALUES ('KS', 'AN', 'Anderson', 1, CURRENT_TIMESTAMP, 1, CURRENT_TIMESTAMP);
INSERT INTO county (state_code, county_code, county_name, create_id, create_dt_tm, updt_id, updt_dt_tm) VALUES ('KS', 'AT', 'Atchison', 1, CURRENT_TIMESTAMP, 1, CURRENT_TIMESTAMP);
INSERT INTO county (state_code, county_code, county_name, create_id, create_dt_tm, updt_id, updt_dt_tm) VALUES ('KS', 'BA', 'Barber', 1, CURRENT_TIMESTAMP, 1, CURRENT_TIMESTAMP);
INSERT INTO county (state_code, county_code, county_name, create_id, create_dt_tm, updt_id, updt_dt_tm) VALUES ('KS', 'BT', 'Barton', 1, CURRENT_TIMESTAMP, 1, CURRENT_TIMESTAMP);
INSERT INTO county (state_code, county_code, county_name, create_id, create_dt_tm, updt_id, updt_dt_tm) VALUES ('KS', 'BB', 'Bourbon', 1, CURRENT_TIMESTAMP, 1, CURRENT_TIMESTAMP);
INSERT INTO county (state_code, county_code, county_name, create_id, create_dt_tm, updt_id, updt_dt_tm) VALUES ('KS', 'BR', 'Brown', 1, CURRENT_TIMESTAMP, 1, CURRENT_TIMESTAMP);
INSERT INTO county (state_code, county_code, county_name, create_id, create_dt_tm, updt_id, updt_dt_tm) VALUES ('KS', 'BU', 'Butler', 1, CURRENT_TIMESTAMP, 1, CURRENT_TIMESTAMP);
INSERT INTO county (state_code, county_code, county_name, create_id, create_dt_tm, updt_id, updt_dt_tm) VALUES ('KS', 'CS', 'Chase', 1, CURRENT_TIMESTAMP, 1, CURRENT_TIMESTAMP);
INSERT INTO county (state_code, county_code, county_name, create_id, create_dt_tm, updt_id, updt_dt_tm) VALUES ('KS', 'CQ', 'Chautauqua', 1, CURRENT_TIMESTAMP, 1, CURRENT_TIMESTAMP);
INSERT INTO county (state_code, county_code, county_name, create_id, create_dt_tm, updt_id, updt_dt_tm) VALUES ('KS', 'CK', 'Cherokee', 1, CURRENT_TIMESTAMP, 1, CURRENT_TIMESTAMP);
INSERT INTO county (state_code, county_code, county_name, create_id, create_dt_tm, updt_id, updt_dt_tm) VALUES ('KS', 'CN', 'Cheyenne', 1, CURRENT_TIMESTAMP, 1, CURRENT_TIMESTAMP);
INSERT INTO county (state_code, county_code, county_name, create_id, create_dt_tm, updt_id, updt_dt_tm) VALUES ('KS', 'CA', 'Clark', 1, CURRENT_TIMESTAMP, 1, CURRENT_TIMESTAMP);
INSERT INTO county (state_code, county_code, county_name, create_id, create_dt_tm, updt_id, updt_dt_tm) VALUES ('KS', 'CY', 'Clay', 1, CURRENT_TIMESTAMP, 1, CURRENT_TIMESTAMP);
INSERT INTO county (state_code, county_code, county_name, create_id, create_dt_tm, updt_id, updt_dt_tm) VALUES ('KS', 'CD', 'Cloud', 1, CURRENT_TIMESTAMP, 1, CURRENT_TIMESTAMP);
INSERT INTO county (state_code, county_code, county_name, create_id, create_dt_tm, updt_id, updt_dt_tm) VALUES ('KS', 'CF', 'Coffey', 1, CURRENT_TIMESTAMP, 1, CURRENT_TIMESTAMP);
INSERT INTO county (state_code, county_code, county_name, create_id, create_dt_tm, updt_id, updt_dt_tm) VALUES ('KS', 'CM', 'Comanche', 1, CURRENT_TIMESTAMP, 1, CURRENT_TIMESTAMP);
INSERT INTO county (state_code, county_code, county_name, create_id, create_dt_tm, updt_id, updt_dt_tm) VALUES ('KS', 'CL', 'Cowley', 1, CURRENT_TIMESTAMP, 1, CURRENT_TIMESTAMP);
INSERT INTO county (state_code, county_code, county_name, create_id, create_dt_tm, updt_id, updt_dt_tm) VALUES ('KS', 'CR', 'Crawford', 1, CURRENT_TIMESTAMP, 1, CURRENT_TIMESTAMP);
INSERT INTO county (state_code, county_code, county_name, create_id, create_dt_tm, updt_id, updt_dt_tm) VALUES ('KS', 'DC', 'Decatur', 1, CURRENT_TIMESTAMP, 1, CURRENT_TIMESTAMP);
INSERT INTO county (state_code, county_code, county_name, create_id, create_dt_tm, updt_id, updt_dt_tm) VALUES ('KS', 'DK', 'Dickinson', 1, CURRENT_TIMESTAMP, 1, CURRENT_TIMESTAMP);
INSERT INTO county (state_code, county_code, county_name, create_id, create_dt_tm, updt_id, updt_dt_tm) VALUES ('KS', 'DP', 'Doniphan', 1, CURRENT_TIMESTAMP, 1, CURRENT_TIMESTAMP);
INSERT INTO county (state_code, county_code, county_name, create_id, create_dt_tm, updt_id, updt_dt_tm) VALUES ('KS', 'DG', 'Douglas', 1, CURRENT_TIMESTAMP, 1, CURRENT_TIMESTAMP);
INSERT INTO county (state_code, county_code, county_name, create_id, create_dt_tm, updt_id, updt_dt_tm) VALUES ('KS', 'ED', 'Edwards', 1, CURRENT_TIMESTAMP, 1, CURRENT_TIMESTAMP);
INSERT INTO county (state_code, county_code, county_name, create_id, create_dt_tm, updt_id, updt_dt_tm) VALUES ('KS', 'EK', 'Elk', 1, CURRENT_TIMESTAMP, 1, CURRENT_TIMESTAMP);
INSERT INTO county (state_code, county_code, county_name, create_id, create_dt_tm, updt_id, updt_dt_tm) VALUES ('KS', 'EL', 'Ellis', 1, CURRENT_TIMESTAMP, 1, CURRENT_TIMESTAMP);
INSERT INTO county (state_code, county_code, county_name, create_id, create_dt_tm, updt_id, updt_dt_tm) VALUES ('KS', 'EW', 'Ellsworth', 1, CURRENT_TIMESTAMP, 1, CURRENT_TIMESTAMP);
INSERT INTO county (state_code, county_code, county_name, create_id, create_dt_tm, updt_id, updt_dt_tm) VALUES ('KS', 'FO', 'Ford', 1, CURRENT_TIMESTAMP, 1, CURRENT_TIMESTAMP);
INSERT INTO county (state_code, county_code, county_name, create_id, create_dt_tm, updt_id, updt_dt_tm) VALUES ('KS', 'FR', 'Franklin', 1, CURRENT_TIMESTAMP, 1, CURRENT_TIMESTAMP);
INSERT INTO county (state_code, county_code, county_name, create_id, create_dt_tm, updt_id, updt_dt_tm) VALUES ('KS', 'GE', 'Geary', 1, CURRENT_TIMESTAMP, 1, CURRENT_TIMESTAMP);
INSERT INTO county (state_code, county_code, county_name, create_id, create_dt_tm, updt_id, updt_dt_tm) VALUES ('KS', 'GO', 'Gove', 1, CURRENT_TIMESTAMP, 1, CURRENT_TIMESTAMP);
INSERT INTO county (state_code, county_code, county_name, create_id, create_dt_tm, updt_id, updt_dt_tm) VALUES ('KS', 'GH', 'Graham', 1, CURRENT_TIMESTAMP, 1, CURRENT_TIMESTAMP);
INSERT INTO county (state_code, county_code, county_name, create_id, create_dt_tm, updt_id, updt_dt_tm) VALUES ('KS', 'GY', 'Gray', 1, CURRENT_TIMESTAMP, 1, CURRENT_TIMESTAMP);
INSERT INTO county (state_code, county_code, county_name, create_id, create_dt_tm, updt_id, updt_dt_tm) VALUES ('KS', 'GW', 'Greenwood', 1, CURRENT_TIMESTAMP, 1, CURRENT_TIMESTAMP);
INSERT INTO county (state_code, county_code, county_name, create_id, create_dt_tm, updt_id, updt_dt_tm) VALUES ('KS', 'HP', 'Harper', 1, CURRENT_TIMESTAMP, 1, CURRENT_TIMESTAMP);
INSERT INTO county (state_code, county_code, county_name, create_id, create_dt_tm, updt_id, updt_dt_tm) VALUES ('KS', 'HV', 'Harvey', 1, CURRENT_TIMESTAMP, 1, CURRENT_TIMESTAMP);
INSERT INTO county (state_code, county_code, county_name, create_id, create_dt_tm, updt_id, updt_dt_tm) VALUES ('KS', 'HG', 'Hodgeman', 1, CURRENT_TIMESTAMP, 1, CURRENT_TIMESTAMP);
INSERT INTO county (state_code, county_code, county_name, create_id, create_dt_tm, updt_id, updt_dt_tm) VALUES ('KS', 'JA', 'Jackson', 1, CURRENT_TIMESTAMP, 1, CURRENT_TIMESTAMP);
INSERT INTO county (state_code, county_code, county_name, create_id, create_dt_tm, updt_id, updt_dt_tm) VALUES ('KS', 'JF', 'Jefferson', 1, CURRENT_TIMESTAMP, 1, CURRENT_TIMESTAMP);
INSERT INTO county (state_code, county_code, county_name, create_id, create_dt_tm, updt_id, updt_dt_tm) VALUES ('KS', 'JW', 'Jewell', 1, CURRENT_TIMESTAMP, 1, CURRENT_TIMESTAMP);
INSERT INTO county (state_code, county_code, county_name, create_id, create_dt_tm, updt_id, updt_dt_tm) VALUES ('KS', 'JO', 'Johnson', 1, CURRENT_TIMESTAMP, 1, CURRENT_TIMESTAMP);
INSERT INTO county (state_code, county_code, county_name, create_id, create_dt_tm, updt_id, updt_dt_tm) VALUES ('KS', 'KM', 'Kingman', 1, CURRENT_TIMESTAMP, 1, CURRENT_TIMESTAMP);
INSERT INTO county (state_code, county_code, county_name, create_id, create_dt_tm, updt_id, updt_dt_tm) VALUES ('KS', 'KW', 'Kiowa', 1, CURRENT_TIMESTAMP, 1, CURRENT_TIMESTAMP);
INSERT INTO county (state_code, county_code, county_name, create_id, create_dt_tm, updt_id, updt_dt_tm) VALUES ('KS', 'LB', 'Labette', 1, CURRENT_TIMESTAMP, 1, CURRENT_TIMESTAMP);
INSERT INTO county (state_code, county_code, county_name, create_id, create_dt_tm, updt_id, updt_dt_tm) VALUES ('KS', 'LE', 'Lane', 1, CURRENT_TIMESTAMP, 1, CURRENT_TIMESTAMP);
INSERT INTO county (state_code, county_code, county_name, create_id, create_dt_tm, updt_id, updt_dt_tm) VALUES ('KS', 'LV', 'Leavenworth', 1, CURRENT_TIMESTAMP, 1, CURRENT_TIMESTAMP);
INSERT INTO county (state_code, county_code, county_name, create_id, create_dt_tm, updt_id, updt_dt_tm) VALUES ('KS', 'LC', 'Lincoln', 1, CURRENT_TIMESTAMP, 1, CURRENT_TIMESTAMP);
INSERT INTO county (state_code, county_code, county_name, create_id, create_dt_tm, updt_id, updt_dt_tm) VALUES ('KS', 'LN', 'Linn', 1, CURRENT_TIMESTAMP, 1, CURRENT_TIMESTAMP);
INSERT INTO county (state_code, county_code, county_name, create_id, create_dt_tm, updt_id, updt_dt_tm) VALUES ('KS', 'LG', 'Logan', 1, CURRENT_TIMESTAMP, 1, CURRENT_TIMESTAMP);
INSERT INTO county (state_code, county_code, county_name, create_id, create_dt_tm, updt_id, updt_dt_tm) VALUES ('KS', 'LY', 'Lyon', 1, CURRENT_TIMESTAMP, 1, CURRENT_TIMESTAMP);
INSERT INTO county (state_code, county_code, county_name, create_id, create_dt_tm, updt_id, updt_dt_tm) VALUES ('KS', 'MN', 'Marion', 1, CURRENT_TIMESTAMP, 1, CURRENT_TIMESTAMP);
INSERT INTO county (state_code, county_code, county_name, create_id, create_dt_tm, updt_id, updt_dt_tm) VALUES ('KS', 'MS', 'Marshall', 1, CURRENT_TIMESTAMP, 1, CURRENT_TIMESTAMP);
INSERT INTO county (state_code, county_code, county_name, create_id, create_dt_tm, updt_id, updt_dt_tm) VALUES ('KS', 'MP', 'McPherson', 1, CURRENT_TIMESTAMP, 1, CURRENT_TIMESTAMP);
INSERT INTO county (state_code, county_code, county_name, create_id, create_dt_tm, updt_id, updt_dt_tm) VALUES ('KS', 'ME', 'Meade', 1, CURRENT_TIMESTAMP, 1, CURRENT_TIMESTAMP);
INSERT INTO county (state_code, county_code, county_name, create_id, create_dt_tm, updt_id, updt_dt_tm) VALUES ('KS', 'MI', 'Miami', 1, CURRENT_TIMESTAMP, 1, CURRENT_TIMESTAMP);
INSERT INTO county (state_code, county_code, county_name, create_id, create_dt_tm, updt_id, updt_dt_tm) VALUES ('KS', 'MC', 'Mitchell', 1, CURRENT_TIMESTAMP, 1, CURRENT_TIMESTAMP);
INSERT INTO county (state_code, county_code, county_name, create_id, create_dt_tm, updt_id, updt_dt_tm) VALUES ('KS', 'MG', 'Montgomery', 1, CURRENT_TIMESTAMP, 1, CURRENT_TIMESTAMP);
INSERT INTO county (state_code, county_code, county_name, create_id, create_dt_tm, updt_id, updt_dt_tm) VALUES ('KS', 'MR', 'Morris', 1, CURRENT_TIMESTAMP, 1, CURRENT_TIMESTAMP);
INSERT INTO county (state_code, county_code, county_name, create_id, create_dt_tm, updt_id, updt_dt_tm) VALUES ('KS', 'NM', 'Nemaha', 1, CURRENT_TIMESTAMP, 1, CURRENT_TIMESTAMP);
INSERT INTO county (state_code, county_code, county_name, create_id, create_dt_tm, updt_id, updt_dt_tm) VALUES ('KS', 'NO', 'Neosho', 1, CURRENT_TIMESTAMP, 1, CURRENT_TIMESTAMP);
INSERT INTO county (state_code, county_code, county_name, create_id, create_dt_tm, updt_id, updt_dt_tm) VALUES ('KS', 'NS', 'Ness', 1, CURRENT_TIMESTAMP, 1, CURRENT_TIMESTAMP);
INSERT INTO county (state_code, county_code, county_name, create_id, create_dt_tm, updt_id, updt_dt_tm) VALUES ('KS', 'NT', 'Norton', 1, CURRENT_TIMESTAMP, 1, CURRENT_TIMESTAMP);
INSERT INTO county (state_code, county_code, county_name, create_id, create_dt_tm, updt_id, updt_dt_tm) VALUES ('KS', 'OS', 'Osage', 1, CURRENT_TIMESTAMP, 1, CURRENT_TIMESTAMP);
INSERT INTO county (state_code, county_code, county_name, create_id, create_dt_tm, updt_id, updt_dt_tm) VALUES ('KS', 'OB', 'Osborne', 1, CURRENT_TIMESTAMP, 1, CURRENT_TIMESTAMP);
INSERT INTO county (state_code, county_code, county_name, create_id, create_dt_tm, updt_id, updt_dt_tm) VALUES ('KS', 'OT', 'Ottawa', 1, CURRENT_TIMESTAMP, 1, CURRENT_TIMESTAMP);
INSERT INTO county (state_code, county_code, county_name, create_id, create_dt_tm, updt_id, updt_dt_tm) VALUES ('KS', 'PN', 'Pawnee', 1, CURRENT_TIMESTAMP, 1, CURRENT_TIMESTAMP);
INSERT INTO county (state_code, county_code, county_name, create_id, create_dt_tm, updt_id, updt_dt_tm) VALUES ('KS', 'PL', 'Phillips', 1, CURRENT_TIMESTAMP, 1, CURRENT_TIMESTAMP);
INSERT INTO county (state_code, county_code, county_name, create_id, create_dt_tm, updt_id, updt_dt_tm) VALUES ('KS', 'PT', 'Pottawatomie', 1, CURRENT_TIMESTAMP, 1, CURRENT_TIMESTAMP);
INSERT INTO county (state_code, county_code, county_name, create_id, create_dt_tm, updt_id, updt_dt_tm) VALUES ('KS', 'RA', 'Rawlins', 1, CURRENT_TIMESTAMP, 1, CURRENT_TIMESTAMP);
INSERT INTO county (state_code, county_code, county_name, create_id, create_dt_tm, updt_id, updt_dt_tm) VALUES ('KS', 'RN', 'Reno', 1, CURRENT_TIMESTAMP, 1, CURRENT_TIMESTAMP);
INSERT INTO county (state_code, county_code, county_name, create_id, create_dt_tm, updt_id, updt_dt_tm) VALUES ('KS', 'RP', 'Republic', 1, CURRENT_TIMESTAMP, 1, CURRENT_TIMESTAMP);
INSERT INTO county (state_code, county_code, county_name, create_id, create_dt_tm, updt_id, updt_dt_tm) VALUES ('KS', 'RC', 'Rice', 1, CURRENT_TIMESTAMP, 1, CURRENT_TIMESTAMP);
INSERT INTO county (state_code, county_code, county_name, create_id, create_dt_tm, updt_id, updt_dt_tm) VALUES ('KS', 'RL', 'Riley', 1, CURRENT_TIMESTAMP, 1, CURRENT_TIMESTAMP);
INSERT INTO county (state_code, county_code, county_name, create_id, create_dt_tm, updt_id, updt_dt_tm) VALUES ('KS', 'RO', 'Rooks', 1, CURRENT_TIMESTAMP, 1, CURRENT_TIMESTAMP);
INSERT INTO county (state_code, county_code, county_name, create_id, create_dt_tm, updt_id, updt_dt_tm) VALUES ('KS', 'RH', 'Rush', 1, CURRENT_TIMESTAMP, 1, CURRENT_TIMESTAMP);
INSERT INTO county (state_code, county_code, county_name, create_id, create_dt_tm, updt_id, updt_dt_tm) VALUES ('KS', 'RS', 'Russell', 1, CURRENT_TIMESTAMP, 1, CURRENT_TIMESTAMP);
INSERT INTO county (state_code, county_code, county_name, create_id, create_dt_tm, updt_id, updt_dt_tm) VALUES ('KS', 'SA', 'Saline', 1, CURRENT_TIMESTAMP, 1, CURRENT_TIMESTAMP);
INSERT INTO county (state_code, county_code, county_name, create_id, create_dt_tm, updt_id, updt_dt_tm) VALUES ('KS', 'SC', 'Scott', 1, CURRENT_TIMESTAMP, 1, CURRENT_TIMESTAMP);
INSERT INTO county (state_code, county_code, county_name, create_id, create_dt_tm, updt_id, updt_dt_tm) VALUES ('KS', 'SG', 'Sedgwick', 1, CURRENT_TIMESTAMP, 1, CURRENT_TIMESTAMP);
INSERT INTO county (state_code, county_code, county_name, create_id, create_dt_tm, updt_id, updt_dt_tm) VALUES ('KS', 'SN', 'Shawnee', 1, CURRENT_TIMESTAMP, 1, CURRENT_TIMESTAMP);
INSERT INTO county (state_code, county_code, county_name, create_id, create_dt_tm, updt_id, updt_dt_tm) VALUES ('KS', 'SD', 'Sheridan', 1, CURRENT_TIMESTAMP, 1, CURRENT_TIMESTAMP);
INSERT INTO county (state_code, county_code, county_name, create_id, create_dt_tm, updt_id, updt_dt_tm) VALUES ('KS', 'SH', 'Sherman', 1, CURRENT_TIMESTAMP, 1, CURRENT_TIMESTAMP);
INSERT INTO county (state_code, county_code, county_name, create_id, create_dt_tm, updt_id, updt_dt_tm) VALUES ('KS', 'SM', 'Smith', 1, CURRENT_TIMESTAMP, 1, CURRENT_TIMESTAMP);
INSERT INTO county (state_code, county_code, county_name, create_id, create_dt_tm, updt_id, updt_dt_tm) VALUES ('KS', 'SF', 'Stafford', 1, CURRENT_TIMESTAMP, 1, CURRENT_TIMESTAMP);
INSERT INTO county (state_code, county_code, county_name, create_id, create_dt_tm, updt_id, updt_dt_tm) VALUES ('KS', 'SU', 'Sumner', 1, CURRENT_TIMESTAMP, 1, CURRENT_TIMESTAMP);
INSERT INTO county (state_code, county_code, county_name, create_id, create_dt_tm, updt_id, updt_dt_tm) VALUES ('KS', 'TH', 'Thomas', 1, CURRENT_TIMESTAMP, 1, CURRENT_TIMESTAMP);
INSERT INTO county (state_code, county_code, county_name, create_id, create_dt_tm, updt_id, updt_dt_tm) VALUES ('KS', 'TR', 'Trego', 1, CURRENT_TIMESTAMP, 1, CURRENT_TIMESTAMP);
INSERT INTO county (state_code, county_code, county_name, create_id, create_dt_tm, updt_id, updt_dt_tm) VALUES ('KS', 'WB', 'Wabaunsee', 1, CURRENT_TIMESTAMP, 1, CURRENT_TIMESTAMP);
INSERT INTO county (state_code, county_code, county_name, create_id, create_dt_tm, updt_id, updt_dt_tm) VALUES ('KS', 'WA', 'Wallace', 1, CURRENT_TIMESTAMP, 1, CURRENT_TIMESTAMP);
INSERT INTO county (state_code, county_code, county_name, create_id, create_dt_tm, updt_id, updt_dt_tm) VALUES ('KS', 'WS', 'Washington', 1, CURRENT_TIMESTAMP, 1, CURRENT_TIMESTAMP);
INSERT INTO county (state_code, county_code, county_name, create_id, create_dt_tm, updt_id, updt_dt_tm) VALUES ('KS', 'WH', 'Wichita', 1, CURRENT_TIMESTAMP, 1, CURRENT_TIMESTAMP);
INSERT INTO county (state_code, county_code, county_name, create_id, create_dt_tm, updt_id, updt_dt_tm) VALUES ('KS', 'WL', 'Wilson', 1, CURRENT_TIMESTAMP, 1, CURRENT_TIMESTAMP);
INSERT INTO county (state_code, county_code, county_name, create_id, create_dt_tm, updt_id, updt_dt_tm) VALUES ('KS', 'WO', 'Woodson', 1, CURRENT_TIMESTAMP, 1, CURRENT_TIMESTAMP);
INSERT INTO county (state_code, county_code, county_name, create_id, create_dt_tm, updt_id, updt_dt_tm) VALUES ('KS', 'WY', 'Wyandotte', 1, CURRENT_TIMESTAMP, 1, CURRENT_TIMESTAMP);

-- Insert Titles
INSERT INTO codeset (codeset_id, codeset_display, codeset_meaning, create_id, create_dt_tm, updt_id, updt_dt_tm) VALUES (2, 'Title', 'TITLE', 1, CURRENT_TIMESTAMP, 1, CURRENT_TIMESTAMP);

INSERT INTO codevalue (codeset_id, codevalue_display, codevalue_meaning, create_id, create_dt_tm, updt_id, updt_dt_tm) VALUES (2, 'Dr', 'TITLE_DR', 1, CURRENT_TIMESTAMP, 1, CURRENT_TIMESTAMP);
INSERT INTO codevalue (codeset_id, codevalue_display, codevalue_meaning, create_id, create_dt_tm, updt_id, updt_dt_tm) VALUES (2, 'Mr', 'TITLE_MR', 1, CURRENT_TIMESTAMP, 1, CURRENT_TIMESTAMP);
INSERT INTO codevalue (codeset_id, codevalue_display, codevalue_meaning, create_id, create_dt_tm, updt_id, updt_dt_tm) VALUES (2, 'Mrs', 'TITLE_MRS', 1, CURRENT_TIMESTAMP, 1, CURRENT_TIMESTAMP);
INSERT INTO codevalue (codeset_id, codevalue_display, codevalue_meaning, create_id, create_dt_tm, updt_id, updt_dt_tm) VALUES (2, 'Ms', 'TITLE_MS', 1, CURRENT_TIMESTAMP, 1, CURRENT_TIMESTAMP);
INSERT INTO codevalue (codeset_id, codevalue_display, codevalue_meaning, create_id, create_dt_tm, updt_id, updt_dt_tm) VALUES (2, 'Miss', 'TITLE_MISS', 1, CURRENT_TIMESTAMP, 1, CURRENT_TIMESTAMP);

-- Insert Address Types
INSERT INTO codeset (codeset_id, codeset_display, codeset_meaning, create_id, create_dt_tm, updt_id, updt_dt_tm) VALUES (3, 'Address Type', 'ADDRESS_TYPE', 1, CURRENT_TIMESTAMP, 1, CURRENT_TIMESTAMP);

INSERT INTO codevalue (codeset_id, codevalue_display, codevalue_meaning, create_id, create_dt_tm, updt_id, updt_dt_tm) VALUES (3, 'Home', 'ADDRESS_HOME', 1, CURRENT_TIMESTAMP, 1, CURRENT_TIMESTAMP);
INSERT INTO codevalue (codeset_id, codevalue_display, codevalue_meaning, create_id, create_dt_tm, updt_id, updt_dt_tm) VALUES (3, 'Work', 'ADDRESS_WORK', 1, CURRENT_TIMESTAMP, 1, CURRENT_TIMESTAMP);
INSERT INTO codevalue (codeset_id, codevalue_display, codevalue_meaning, create_id, create_dt_tm, updt_id, updt_dt_tm) VALUES (3, 'Vacation', 'ADDRESS_VACATION', 1, CURRENT_TIMESTAMP, 1, CURRENT_TIMESTAMP);
INSERT INTO codevalue (codeset_id, codevalue_display, codevalue_meaning, create_id, create_dt_tm, updt_id, updt_dt_tm) VALUES (3, 'Other', 'ADDRESS_OTHER', 1, CURRENT_TIMESTAMP, 1, CURRENT_TIMESTAMP);

-- Insert Phone Types
INSERT INTO codeset (codeset_id, codeset_display, codeset_meaning, create_id, create_dt_tm, updt_id, updt_dt_tm) VALUES (4, 'Phone Type', 'PHONE_TYPE', 1, CURRENT_TIMESTAMP, 1, CURRENT_TIMESTAMP);

INSERT INTO codevalue (codeset_id, codevalue_display, codevalue_meaning, create_id, create_dt_tm, updt_id, updt_dt_tm) VALUES (4, 'Home', 'PHONE_HOME', 1, CURRENT_TIMESTAMP, 1, CURRENT_TIMESTAMP);
INSERT INTO codevalue (codeset_id, codevalue_display, codevalue_meaning, create_id, create_dt_tm, updt_id, updt_dt_tm) VALUES (4, 'Work', 'PHONE_WORK', 1, CURRENT_TIMESTAMP, 1, CURRENT_TIMESTAMP);
INSERT INTO codevalue (codeset_id, codevalue_display, codevalue_meaning, create_id, create_dt_tm, updt_id, updt_dt_tm) VALUES (4, 'Mobile', 'PHONE_MOBILE', 1, CURRENT_TIMESTAMP, 1, CURRENT_TIMESTAMP);
INSERT INTO codevalue (codeset_id, codevalue_display, codevalue_meaning, create_id, create_dt_tm, updt_id, updt_dt_tm) VALUES (4, 'iPhone', 'PHONE_IPHONE', 1, CURRENT_TIMESTAMP, 1, CURRENT_TIMESTAMP);
INSERT INTO codevalue (codeset_id, codevalue_display, codevalue_meaning, create_id, create_dt_tm, updt_id, updt_dt_tm) VALUES (4, 'Fax', 'PHONE_FAX', 1, CURRENT_TIMESTAMP, 1, CURRENT_TIMESTAMP);
INSERT INTO codevalue (codeset_id, codevalue_display, codevalue_meaning, create_id, create_dt_tm, updt_id, updt_dt_tm) VALUES (4, 'Other', 'PHONE_OTHER', 1, CURRENT_TIMESTAMP, 1, CURRENT_TIMESTAMP);

-- Insert Email Types
INSERT INTO codeset (codeset_id, codeset_display, codeset_meaning, create_id, create_dt_tm, updt_id, updt_dt_tm) VALUES (5, 'Email Type', 'EMAIL_TYPE', 1, CURRENT_TIMESTAMP, 1, CURRENT_TIMESTAMP);

INSERT INTO codevalue (codeset_id, codevalue_display, codevalue_meaning, create_id, create_dt_tm, updt_id, updt_dt_tm) VALUES (5, 'Home', 'EMAIL_HOME', 1, CURRENT_TIMESTAMP, 1, CURRENT_TIMESTAMP);
INSERT INTO codevalue (codeset_id, codevalue_display, codevalue_meaning, create_id, create_dt_tm, updt_id, updt_dt_tm) VALUES (5, 'Work', 'EMAIL_WORK', 1, CURRENT_TIMESTAMP, 1, CURRENT_TIMESTAMP);
INSERT INTO codevalue (codeset_id, codevalue_display, codevalue_meaning, create_id, create_dt_tm, updt_id, updt_dt_tm) VALUES (5, 'Other', 'EMAIL_OTHER', 1, CURRENT_TIMESTAMP, 1, CURRENT_TIMESTAMP);

-- Insert Entity Types
INSERT INTO codeset (codeset_id, codeset_display, codeset_meaning, create_id, create_dt_tm, updt_id, updt_dt_tm) VALUES (6, 'Entity Type', 'ENTITY_TYPE', 1, CURRENT_TIMESTAMP, 1, CURRENT_TIMESTAMP);

INSERT INTO codevalue (codeset_id, codevalue_display, codevalue_meaning, create_id, create_dt_tm, updt_id, updt_dt_tm) VALUES (6, 'Individual', 'ENTITY_INDIVIDUAL', 1, CURRENT_TIMESTAMP, 1, CURRENT_TIMESTAMP);
INSERT INTO codevalue (codeset_id, codevalue_display, codevalue_meaning, create_id, create_dt_tm, updt_id, updt_dt_tm) VALUES (6, 'LLC', 'ENTITY_LLC', 1, CURRENT_TIMESTAMP, 1, CURRENT_TIMESTAMP);
INSERT INTO codevalue (codeset_id, codevalue_display, codevalue_meaning, create_id, create_dt_tm, updt_id, updt_dt_tm) VALUES (6, 'Corporation', 'ENTITY_CORPORATION', 1, CURRENT_TIMESTAMP, 1, CURRENT_TIMESTAMP);
INSERT INTO codevalue (codeset_id, codevalue_display, codevalue_meaning, create_id, create_dt_tm, updt_id, updt_dt_tm) VALUES (6, 'Partnership', 'ENTITY_PARTNERSHIP', 1, CURRENT_TIMESTAMP, 1, CURRENT_TIMESTAMP);
INSERT INTO codevalue (codeset_id, codevalue_display, codevalue_meaning, create_id, create_dt_tm, updt_id, updt_dt_tm) VALUES (6, 'Trust', 'ENTITY_TRUST', 1, CURRENT_TIMESTAMP, 1, CURRENT_TIMESTAMP);

-- Insert Transaction Entry Types
INSERT INTO codeset (codeset_id, codeset_display, codeset_meaning, create_id, create_dt_tm, updt_id, updt_dt_tm) VALUES (8, 'Transaction Entry Type', 'TRANSACTION_ENTRY_TYPE', 1, CURRENT_TIMESTAMP, 1, CURRENT_TIMESTAMP);

INSERT INTO codevalue (codeset_id, codevalue_display, codevalue_meaning, create_dt_tm, create_id, updt_dt_tm, updt_id) VALUES (8, 'Base Dues', 'TRANS_DUES_BASE', CURRENT_TIMESTAMP, 0, CURRENT_TIMESTAMP, 0);
INSERT INTO codevalue (codeset_id, codevalue_display, codevalue_meaning, create_dt_tm, create_id, updt_dt_tm, updt_id) VALUES (8, 'Incremental Dues', 'TRANS_DUES_INC', CURRENT_TIMESTAMP, 0, CURRENT_TIMESTAMP, 0);
INSERT INTO codevalue (codeset_id, codevalue_display, codevalue_meaning, create_dt_tm, create_id, updt_dt_tm, updt_id) VALUES (8, 'Family Dues', 'TRANS_DUES_FAMILY', CURRENT_TIMESTAMP, 0, CURRENT_TIMESTAMP, 0);
INSERT INTO codevalue (codeset_id, codevalue_display, codevalue_meaning, create_dt_tm, create_id, updt_dt_tm, updt_id) VALUES (8, 'Special Funds', 'TRANS_SPECIAL_FUNDS', CURRENT_TIMESTAMP, 0, CURRENT_TIMESTAMP, 0);
INSERT INTO codevalue (codeset_id, codevalue_display, codevalue_meaning, create_dt_tm, create_id, updt_dt_tm, updt_id) VALUES (8, 'Credit', 'TRANS_CREDIT', CURRENT_TIMESTAMP, 0, CURRENT_TIMESTAMP, 0);
INSERT INTO codevalue (codeset_id, codevalue_display, codevalue_meaning, create_dt_tm, create_id, updt_dt_tm, updt_id) VALUES (8, 'Dues Payment', 'TRANS_PAYMENT', CURRENT_TIMESTAMP, 0, CURRENT_TIMESTAMP, 0);

-- Insert Member Types
INSERT INTO member_type (member_type_id, prev_member_type_id, member_type_display, member_type_meaning, dues_amount, primary_ind, allow_spouse_ind, allow_member_ind, beg_eff_dt_tm, create_id, create_dt_tm, updt_id, updt_dt_tm) VALUES (1, 1, 'Associate', 'ASSOCIATE', 70.00, 1, 0, 0, '2011-01-01 00:00:00', 1, CURRENT_TIMESTAMP, 1, CURRENT_TIMESTAMP);
INSERT INTO member_type (member_type_id, prev_member_type_id, member_type_display, member_type_meaning, dues_amount, primary_ind, allow_spouse_ind, allow_member_ind, beg_eff_dt_tm, create_id, create_dt_tm, updt_id, updt_dt_tm) VALUES (2, 2, 'Regular', 'REGULAR', 70.00, 1, 1, 0, '2011-01-01 00:00:00', 1, CURRENT_TIMESTAMP, 1, CURRENT_TIMESTAMP);
INSERT INTO member_type (member_type_id, prev_member_type_id, member_type_display, member_type_meaning, dues_amount, primary_ind, allow_spouse_ind, allow_member_ind, beg_eff_dt_tm, create_id, create_dt_tm, updt_id, updt_dt_tm) VALUES (3, 3, 'Spouse', 'SPOUSE', 0.00, 0, 0, 0, '2011-01-01 00:00:00', 1, CURRENT_TIMESTAMP, 1, CURRENT_TIMESTAMP);
INSERT INTO member_type (member_type_id, prev_member_type_id, member_type_display, member_type_meaning, dues_amount, primary_ind, allow_spouse_ind, allow_member_ind, beg_eff_dt_tm, create_id, create_dt_tm, updt_id, updt_dt_tm) VALUES (4, 4, 'Family Head', 'FAMILY_HEAD', 70.00, 1, 1, 1, '2011-01-01 00:00:00', 1, CURRENT_TIMESTAMP, 1, CURRENT_TIMESTAMP);
INSERT INTO member_type (member_type_id, prev_member_type_id, member_type_display, member_type_meaning, dues_amount, primary_ind, allow_spouse_ind, allow_member_ind, beg_eff_dt_tm, create_id, create_dt_tm, updt_id, updt_dt_tm) VALUES (5, 5, 'Family Member', 'FAMILY_MEMBER', 20.00, 0, 0, 0, '2011-01-01 00:00:00', 1, CURRENT_TIMESTAMP, 1, CURRENT_TIMESTAMP);
INSERT INTO member_type (member_type_id, prev_member_type_id, member_type_display, member_type_meaning, dues_amount, primary_ind, allow_spouse_ind, allow_member_ind, beg_eff_dt_tm, create_id, create_dt_tm, updt_id, updt_dt_tm) VALUES (6, 6, 'Mailing List', 'MAIL_LIST', 0.00, 1, 0, 0, '2011-01-01 00:00:00', 1, CURRENT_TIMESTAMP, 1, CURRENT_TIMESTAMP);

-- Insert default Users
INSERT INTO person (person_id, name_last, name_last_key, name_first, name_first_key, create_id, create_dt_tm, updt_id, updt_dt_tm) VALUES (1, 'System', 'SYSTEM', 'System', 'SYSTEM', 1, CURRENT_TIMESTAMP, 1, CURRENT_TIMESTAMP);
INSERT INTO person (person_id, name_last, name_last_key, name_first, name_first_key, create_id, create_dt_tm, updt_id, updt_dt_tm) VALUES (2, 'Nordling', 'NORDLING', 'Erick', 'ERICK', 1, CURRENT_TIMESTAMP, 1, CURRENT_TIMESTAMP);
INSERT INTO person (person_id, name_last, name_last_key, name_first, name_first_key, create_id, create_dt_tm, updt_id, updt_dt_tm) VALUES (3, 'Ricketts', 'RICKETTS', 'De', 'DE', 1, CURRENT_TIMESTAMP, 1, CURRENT_TIMESTAMP);
INSERT INTO person (person_id, name_last, name_last_key, name_first, name_first_key, create_id, create_dt_tm, updt_id, updt_dt_tm) VALUES (4, 'Hittle', 'HITTLE', 'Connie', 'CONNIE', 1, CURRENT_TIMESTAMP, 1, CURRENT_TIMESTAMP);

INSERT INTO user (person_id, username, password, temporary_pwd_ind, password_changed_dt_tm, create_id, create_dt_tm, updt_id, updt_dt_tm) VALUES (1, 'system', '$2a$12$J5Ux21ovrbrLo6Mzc1Kw/OJyqO1seJSAH0Y490JHrXkmFYoT30XNS', 1, '2100-12-31 23:59:59', 1, CURRENT_TIMESTAMP, 1, CURRENT_TIMESTAMP);
INSERT INTO user (person_id, username, password, temporary_pwd_ind, create_id, create_dt_tm, updt_id, updt_dt_tm) VALUES (2, 'enordling', '$2a$12$DxcAG7.n8SGHRRxWDFBRi.OmrLO6jdzBij3.O.Oc.Fh.SOeCee8F.', 1, 1, CURRENT_TIMESTAMP, 1, CURRENT_TIMESTAMP);
INSERT INTO user (person_id, username, password, temporary_pwd_ind, create_id, create_dt_tm, updt_id, updt_dt_tm) VALUES (3, 'dricketts', '$2a$12$dVmfM4WVsgyg3AshMXVglel.msfK/gAik/Xq4K0AtY.Zevzw2.MI6', 1, 1, CURRENT_TIMESTAMP, 1, CURRENT_TIMESTAMP);
INSERT INTO user (person_id, username, password, temporary_pwd_ind, create_id, create_dt_tm, updt_id, updt_dt_tm) VALUES (4, 'chittle', '$2a$12$LBU.PwOr/Psuhpidjar/0enQe3ePNhgcaSFdt/ENioTQxYwdkudJ.', 1, 1, CURRENT_TIMESTAMP, 1, CURRENT_TIMESTAMP);
